[
  {
    "id" : "hl7.fhir.no.mal.jostein",
    "type" : "ImplementationGuide",
    "url" : "http://hl7.no/fhir/ig/mal/jostein/ImplementationGuide/hl7.fhir.no.mal.jostein",
    "version" : "0.1.0",
    "name" : "Jostein_Mal"
  },
  {
    "id" : "mal-observation-blodprove",
    "type" : "StructureDefinition",
    "url" : "http://hl7.no/fhir/ig/mal/jostein/StructureDefinition/mal-observation-blodprove",
    "version" : "0.1.0",
    "name" : "MalObservationBlood"
  },
  {
    "id" : "mal-patient",
    "type" : "StructureDefinition",
    "url" : "http://hl7.no/fhir/ig/mal/jostein/StructureDefinition/mal-patient",
    "version" : "0.1.0",
    "name" : "MalPatient"
  }
]
